label,name
Fund,Sierra Selective Mid Cap ETF
Non-Fund,Stark Inc. Vendor ID 80855
Fund,NorthBridge Multi-Asset Index UCITS
Non-Fund,Cyberdyne LLC Ref 770864
Fund,BluePeak Total Market Fund
Non-Fund,Tyrell Ltd. – Careers
Fund,Liberty Mid Cap Index Fund
Non-Fund,Soylent LLC
Fund,Crescent Prime Dividend Fund
Non-Fund,Acme Holdings Ref 342446
Fund,Sierra Short Term Index UCITS
Non-Fund,Acme Group – Headquarters
Fund,Sierra Minimum Volatility Fund
Non-Fund,Ticket 901676 – Sales
Fund,Global Short Term UCITS
Non-Fund,Soylent Ltd. – Headquarters
Fund,Sierra Multi-Asset Index ETF
Non-Fund,BlackRock Inc. Support Singapore
Fund,Liberty Enhanced Dividend ETF
Non-Fund,Email thread: Onboarding Guide (3048)
Fund,Global Mid Cap UCITS
Non-Fund,Email thread: Travel Reimbursement (6104)
Fund,Crescent Core Institutional Fund
Non-Fund,Olivia Nguyen – Finance
Fund,NorthBridge Income Index ETF
Non-Fund,Wayne PLC IT Toronto
Fund,Summit Value Index Institutional Fund
Non-Fund,Daniel Martinez – Finance
Fund,Atlas Selective Multi-Asset Fund
Non-Fund,Emma Anderson – IT
Fund,Liberty Mid Cap Index Trust
Non-Fund,Liam Smith – IT
Fund,Pioneer Total Market Trust
Non-Fund,Soylent Group Finance Singapore
Fund,Granite Global Large Cap UCITS
Non-Fund,Capital One checking account
Fund,Atlas Momentum Trust
Non-Fund,Hooli Holdings – Careers
Fund,BluePeak Value Trust
Non-Fund,Apple PLC – Careers
Fund,Europe Large Cap ETF
Non-Fund,Globex Corporation Support
Fund,Pioneer Selective ETF
Non-Fund,Tyrell Ltd. IT Berlin
Fund,World Equity Institutional Fund
Non-Fund,Cyberdyne Ltd. Operations Tokyo
Fund,BluePeak Equity Index Trust
Non-Fund,Acme Group Operations Tokyo
Fund,Granite Index Index ETF
Non-Fund,Vandelay PLC Ref 200932
Fund,Evergreen Growth Dividend ETF
Non-Fund,Initech Inc. Ref 300924
Fund,Crescent Balanced ETF
Non-Fund,Support Request 16433
Fund,Arcadia Multi-Asset Index Fund
Non-Fund,Product Roadmap #1994
Fund,NorthBridge Balanced UCITS
Non-Fund,Ticket 869969 – IT
Fund,Summit Bond Index Fund
Non-Fund,HR Request 60506
Fund,Europe Small Cap ETF
Non-Fund,Quarterly Earnings Call #7802
Fund,EM Short Term UCITS
Non-Fund,Nakatomi Ltd. – Careers
Fund,Pioneer Growth Income Trust
Non-Fund,Stark Group – Careers
Fund,Liberty Value Equity UCITS
Non-Fund,Aperture PLC – Careers
Fund,Granite Strategic Equity Institutional Fund
Non-Fund,John Martinez
Fund,Pioneer Short Term Index Fund
Non-Fund,BlackRock Inc. IT
Fund,Evergreen Short Term Index Institutional Fund
Non-Fund,Nakatomi Group Ref 484914
Fund,EM Dividend UCITS
Non-Fund,Nakatomi LLC HR
Fund,Summit Momentum Fund
Non-Fund,PNC checking account
Fund,US Income UCITS
Non-Fund,IT Request 95561
Fund,Global Index Institutional Fund
Non-Fund,Quarterly Earnings Call
Fund,Atlas Selective Bond Trust
Non-Fund,Meeting Notes
Fund,NorthBridge Dynamic Index Institutional Fund
Non-Fund,Travel Reimbursement
Fund,Granite Value Fund
Non-Fund,Support Request 75774
Fund,Arcadia Income Index UCITS
Non-Fund,Hooli PLC – Headquarters
Fund,Granite Global Fund
Non-Fund,Ticket 804378 – HR
Fund,Evergreen Quality ETF
Non-Fund,Aperture Ltd.
Fund,Crescent Treasury Index Trust
Non-Fund,Chase checking account
Fund,RiverRock Prime Income Trust
Non-Fund,Ticket 827497 – Support
Fund,NorthBridge Short Term Index Trust
Non-Fund,Umbrella Ltd. – Headquarters
Fund,RiverRock Small Cap Index Trust
Non-Fund,Massive Dynamic PLC Ref 711324
Fund,EM Treasury Trust
Non-Fund,Massive Dynamic Inc. IT
Fund,Atlas Treasury Index Institutional Fund
Non-Fund,Acme Inc. – Careers
Fund,Atlas Large Cap Index UCITS
Non-Fund,Minh Davis
Fund,Liberty Momentum Institutional Fund
Non-Fund,Quarterly Earnings Call #5995
Fund,Sierra Dynamic Equity ETF
Non-Fund,Stark Inc.
Fund,Pioneer Large Cap Index UCITS
Non-Fund,Globex Holdings – Headquarters
Fund,Granite Value ETF
Non-Fund,Hooli Inc. – Careers
Fund,NorthBridge Core Short Term ETF
Non-Fund,Account Statement
Fund,RiverRock High Yield UCITS
Non-Fund,Job Application
Fund,Evergreen Selective Multi-Asset ETF
Non-Fund,Hooli Holdings Marketing
Fund,Summit Strategic Treasury Fund
Non-Fund,Hooli Holdings Vendor ID 93472
Fund,Europe Dividend Trust
Non-Fund,Olivia Johnson
Fund,Evergreen International ETF
Non-Fund,Vandelay Holdings Vendor ID 28024
Fund,Summit Balanced Trust
Non-Fund,Purchase Order #4323
Fund,RiverRock Income Index Institutional Fund
Non-Fund,Cyberdyne PLC Marketing Singapore
Fund,Summit Small Cap Index Institutional Fund
Non-Fund,Email thread: Job Application (1630)
Fund,Evergreen Value Institutional Fund
Non-Fund,Isabella Clark – Finance
Fund,Summit Dynamic UCITS
Non-Fund,Globex LLC Ref 542983
Fund,Summit Total Market Trust
Non-Fund,Daniel Lopez
Fund,BluePeak Strategic Income Trust
Non-Fund,Nakatomi Holdings Marketing London
Fund,RiverRock Multi-Asset Index Institutional Fund
Non-Fund,IT Request 90225
Fund,RiverRock Prime Institutional Fund
Non-Fund,Tyrell Corporation
Fund,Atlas High Yield Institutional Fund
Non-Fund,Globex Corporation IT Tokyo
Fund,RiverRock Value ETF
Non-Fund,Email thread: Invoice (9084)
Fund,NorthBridge Prime Fund
Non-Fund,Invoice
Fund,NorthBridge Growth Fund
Non-Fund,Globex Holdings Vendor ID 64651
Fund,Crescent Enhanced UCITS
Non-Fund,BlackRock Group Support Berlin
Fund,Arcadia Value UCITS
Non-Fund,BlackRock Ltd. – Headquarters
Fund,Arcadia Dividend Index Fund
Non-Fund,Umbrella Holdings Operations Tokyo
Fund,Pioneer International Trust
Non-Fund,Email thread: Job Application (5705)
Fund,Asia Pacific Bond Trust
Non-Fund,Tesla Ltd. Vendor ID 78118
Fund,Evergreen High Yield ETF
Non-Fund,Vandelay Corporation – Careers
Fund,US Treasury Institutional Fund
Non-Fund,Sofia Wilson – Operations
Fund,Pioneer Enhanced Institutional Fund
Non-Fund,Wayne Inc. – Careers
Fund,Summit International UCITS
Non-Fund,Tesla PLC Ref 303440
Fund,NorthBridge Value UCITS
Non-Fund,Tyrell Ltd. Sales
Fund,Atlas Enhanced Dividend Fund
Non-Fund,Tesla Group – Careers
Fund,Evergreen Prime ETF
Non-Fund,James Lopez
Fund,NorthBridge Total Market UCITS
Non-Fund,Operations Request 41148
Fund,Liberty Dynamic Mid Cap Fund
Non-Fund,Emma Smith – Marketing
Fund,Summit Value ETF
Non-Fund,Acme PLC Ref 913205
Fund,BluePeak Dividend Index ETF
Non-Fund,Ticket 589554 – Finance
Fund,Crescent Growth Mid Cap Institutional Fund
Non-Fund,Globex Inc. Marketing
Fund,Crescent Enhanced Small Cap UCITS
Non-Fund,Onboarding Guide #3446
Fund,Europe Mid Cap Trust
Non-Fund,Marketing Request 45527
Fund,Sierra Minimum Volatility UCITS
Non-Fund,Ticket 153190 – HR
Fund,Granite Income Index ETF
Non-Fund,Acme Corporation Support New York
Fund,Summit Growth Trust
Non-Fund,Ticket 847528 – Operations
Fund,BluePeak International ETF
Non-Fund,Tyrell Inc. – Headquarters
Fund,Atlas International Dividend Fund
Non-Fund,Olivia Lopez
Fund,Sierra Value Short Term ETF
Non-Fund,Ticket 468512 – Operations
Fund,Atlas Prime Fund
Non-Fund,Mia Garcia – HR
Fund,Europe Index Fund
Non-Fund,Umbrella Ltd. Vendor ID 62535
Fund,NorthBridge Short Term Index ETF
Non-Fund,Wonka Group
Fund,Global Small Cap Fund
Non-Fund,Ticket 802131 – Operations
Fund,Pioneer Core Short Term Fund
Non-Fund,Sales Request 33091
Fund,NorthBridge Aggregate Bond Trust
Non-Fund,Initech Group
Fund,Liberty Dynamic UCITS
Non-Fund,Hooli Group Vendor ID 69372
Fund,Arcadia Balanced Multi-Asset Institutional Fund
Non-Fund,Liam Brown
Fund,Evergreen Global Treasury UCITS
Non-Fund,BlackRock Corporation Support
Fund,Asia Pacific Treasury ETF
Non-Fund,BlackRock Inc. IT Sydney
Fund,Pioneer Growth ETF
Non-Fund,Acme LLC Vendor ID 63219
Fund,Arcadia Growth Bond UCITS
Non-Fund,Tyrell LLC
Fund,Granite Global Institutional Fund
Non-Fund,Hooli Ltd.
Fund,Crescent Prime Small Cap ETF
Non-Fund,Vandelay Holdings Sales
Fund,US Small Cap Fund
Non-Fund,Acme Group
Fund,Granite High Yield ETF
Non-Fund,Ticket 192742 – Operations
Fund,Summit Treasury Index Trust
Non-Fund,Quarterly Earnings Call #6119
Fund,RiverRock Minimum Volatility Trust
Non-Fund,Tesla Group Operations
Fund,Granite Strategic Bond UCITS
Non-Fund,Mason Hall – Marketing
Fund,Atlas Global Index UCITS
Non-Fund,Finance Request 46073
Fund,Granite Growth UCITS
Non-Fund,Emma Garcia
Fund,Sierra Value ETF
Non-Fund,Soylent PLC Support London
Fund,Liberty Balanced Trust
Non-Fund,Hooli PLC Sales Toronto
Fund,Crescent International Small Cap Fund
Non-Fund,Wire Transfer Receipt #1860
Fund,EM Income Fund
Non-Fund,Vandelay Ltd.
Fund,Pioneer International Institutional Fund
Non-Fund,Massive Dynamic PLC Sales New York
Fund,RiverRock Treasury Index Fund
Non-Fund,Email thread: Onboarding Guide (6488)
Fund,Arcadia Equity Index UCITS
Non-Fund,Wayne Group – Headquarters
Fund,Europe Large Cap Trust
Non-Fund,Umbrella Group
Fund,Evergreen Selective ETF
Non-Fund,Email thread: Wire Transfer Receipt (2965)
Fund,Summit Aggregate Bond Fund
Non-Fund,Initech Holdings – Careers
Fund,Asia Pacific Multi-Asset Institutional Fund
Non-Fund,Finance Request 33321
Fund,Atlas Core ETF
Non-Fund,Marketing Request 80861
Fund,Evergreen Value Fund
Non-Fund,Wayne Group
Fund,Pioneer Global Large Cap ETF
Non-Fund,Apple Ltd. Support
Fund,Sierra Minimum Volatility Institutional Fund
Non-Fund,Tesla Inc. Vendor ID 60353
Fund,Atlas Equity Index Institutional Fund
Non-Fund,Meeting Notes #8175
Fund,Crescent Total Market Trust
Non-Fund,Email thread: Wire Transfer Receipt (9856)
Fund,BluePeak Strategic ETF
Non-Fund,John Nguyen – Operations
Fund,Arcadia Dynamic Fund
Non-Fund,Support Request 85936
Fund,Evergreen High Yield UCITS
Non-Fund,Initech Inc. Support
Fund,Granite Enhanced Large Cap Trust
Non-Fund,Nakatomi Inc. Vendor ID 18271
Fund,Liberty Dynamic ETF
Non-Fund,Meeting Notes #9943
Fund,Atlas Bond Index Fund
Non-Fund,Wayne PLC Vendor ID 28512
Fund,Pioneer Minimum Volatility Institutional Fund
Non-Fund,Stark Holdings
Fund,Summit Short Term Index UCITS
Non-Fund,Contoso PLC – Headquarters
Fund,Sierra Enhanced UCITS
Non-Fund,Cyberdyne Corporation Ref 192296
Fund,Sierra High Yield Fund
Non-Fund,BlackRock Ltd. – Careers
Fund,Arcadia Global Multi-Asset Trust
Non-Fund,Bank of America checking account
Fund,Sierra Prime Dividend Trust
Non-Fund,Vandelay Corporation Vendor ID 37471
Fund,Arcadia Dynamic Income Trust
Non-Fund,Daniel Nguyen
Fund,Pioneer Income Index Fund
Non-Fund,Acme Corporation Marketing New York
Fund,NorthBridge Equity Index Trust
Non-Fund,Ticket 493774 – Operations
Fund,Summit Multi-Asset Index Institutional Fund
Non-Fund,Wonka Inc. Sales
Fund,Asia Pacific Treasury Institutional Fund
Non-Fund,Contoso Ltd. HR Singapore
Fund,Arcadia Short Term Index ETF
Non-Fund,Email thread: Product Roadmap (7852)
Fund,BluePeak International Institutional Fund
Non-Fund,Vandelay PLC Ref 871939
Fund,Pioneer Prime Mid Cap UCITS
Non-Fund,Wonka LLC Vendor ID 64758
Fund,RiverRock International Bond Institutional Fund
Non-Fund,Email thread: Travel Reimbursement (8852)
Fund,EM Small Cap ETF
Non-Fund,John Martinez – Marketing
Fund,Pioneer Growth Trust
Non-Fund,Chloe Anderson
Fund,BluePeak Bond Index UCITS
Non-Fund,Lucas Martinez – Support
Fund,Granite Enhanced Treasury Fund
Non-Fund,Soylent Holdings – Headquarters
Fund,Liberty Global Institutional Fund
Non-Fund,Apple Inc. Finance
Fund,Sierra Strategic Treasury ETF
Non-Fund,Tyrell Holdings – Careers
Fund,Crescent International Index Institutional Fund
Non-Fund,Ava Davis – Support
Fund,Evergreen Selective Treasury Institutional Fund
Non-Fund,Daniel Taylor
Fund,Liberty Minimum Volatility UCITS
Non-Fund,Tyrell Ltd. Ref 580115
Fund,Pioneer Balanced Bond Trust
Non-Fund,HR Request 29392
Fund,Sierra Balanced Short Term ETF
Non-Fund,Wayne Group Support New York
Fund,Evergreen Minimum Volatility Fund
Non-Fund,Cyberdyne Holdings
Fund,Pioneer Index Index ETF
Non-Fund,Mason Johnson – HR
Fund,RiverRock Dynamic Institutional Fund
Non-Fund,Daniel Johnson
Fund,Pioneer Aggregate Bond ETF
Non-Fund,Hooli LLC HR New York
Fund,Evergreen Global Trust
Non-Fund,BlackRock Inc. Ref 104502
Fund,Atlas Value Fund
Non-Fund,Ticket 863933 – IT
Fund,Granite Core Institutional Fund
Non-Fund,Cyberdyne Ltd. Support
Fund,RiverRock Small Cap Index Fund
Non-Fund,Wonka Corporation
Fund,Atlas International Fund
Non-Fund,Meeting Notes #2431
Fund,Summit Enhanced Bond ETF
Non-Fund,IT Support Ticket #7513
Fund,Granite International UCITS
Non-Fund,Aperture Ltd. Vendor ID 68402
Fund,World Treasury Fund
Non-Fund,Sales Request 65552
Fund,Crescent Minimum Volatility Trust
Non-Fund,Aperture LLC Operations
Fund,Europe Treasury Fund
Non-Fund,Sales Request 32923
Fund,Evergreen Growth Treasury Institutional Fund
Non-Fund,Emma Lopez – HR
Fund,NorthBridge Aggregate Bond ETF
Non-Fund,BlackRock PLC Vendor ID 13517
Fund,Arcadia Enhanced Mid Cap Fund
Non-Fund,Email thread: Meeting Notes (5713)
Fund,Crescent Bond Index Fund
Non-Fund,Noah Taylor – Finance
Fund,Liberty Global Small Cap Institutional Fund
Non-Fund,Wire Transfer Receipt
Fund,Granite Strategic ETF
Non-Fund,Product Roadmap
Fund,Granite Income Index Fund
Non-Fund,Email thread: Onboarding Guide (9677)
Fund,Granite Prime Income UCITS
Non-Fund,Wayne PLC Ref 431570
Fund,Pioneer Total Market UCITS
Non-Fund,BlackRock Ltd. Vendor ID 28837
Fund,Atlas Dynamic Institutional Fund
Non-Fund,Massive Dynamic Ltd. IT Toronto
Fund,Europe Treasury ETF
Non-Fund,Wonka PLC Ref 836378
Fund,Crescent Income Index Trust
Non-Fund,Umbrella Corporation – Headquarters
Fund,World Index Fund
Non-Fund,Ticket 880623 – Operations
Fund,NorthBridge Prime Short Term Trust
Non-Fund,Umbrella LLC Vendor ID 37504
Fund,NorthBridge Growth Equity ETF
Non-Fund,Operations Request 15572
Fund,Atlas Growth Dividend Institutional Fund
Non-Fund,Support Request 18683
Fund,Sierra Enhanced Institutional Fund
Non-Fund,Acme PLC – Careers
Fund,Granite Value Trust
Non-Fund,Wells Fargo checking account
Fund,Pioneer Multi-Asset Index Institutional Fund
Non-Fund,Ticket 850582 – Marketing
Fund,EM Mid Cap Trust
Non-Fund,Purchase Order #9260
Fund,US Equity ETF
Non-Fund,Ticket 324682 – Sales
Fund,US Multi-Asset Trust
Non-Fund,Wonka Corporation Ref 619900
Fund,NorthBridge Minimum Volatility UCITS
Non-Fund,Apple Holdings – Headquarters
Fund,Summit Prime Fund
Non-Fund,Ava Clark – Operations
Fund,US Mid Cap ETF
Non-Fund,IT Request 61952
Fund,Arcadia Short Term Index Institutional Fund
Non-Fund,Initech Inc. Ref 481377
Fund,RiverRock Value UCITS
Non-Fund,Travel Reimbursement #9177
Fund,Granite Bond Index Institutional Fund
Non-Fund,Ticket 636256 – IT
Fund,Arcadia Selective UCITS
Non-Fund,Minh Lee
Fund,Crescent Treasury Index Fund
Non-Fund,Email thread: Invoice (3934)
Fund,Granite Growth Trust
Non-Fund,Tesla LLC – Careers
Fund,Pioneer Strategic Fund
Non-Fund,Chloe Clark – Support
Fund,Asia Pacific Equity UCITS
Non-Fund,Email thread: Travel Reimbursement (8250)
Fund,Summit Dynamic Equity Trust
Non-Fund,Email thread: Product Roadmap (8056)
Fund,Pioneer Index Index Fund
Non-Fund,Ticket 592640 – Operations
Fund,RiverRock Enhanced ETF
Non-Fund,Sarah Wilson – HR
Fund,Atlas International Short Term Fund
Non-Fund,HSBC checking account
Fund,BluePeak Growth UCITS
Non-Fund,Tesla Corporation – Headquarters
Fund,NorthBridge Growth ETF
Non-Fund,Onboarding Guide #2875
Fund,Atlas Selective Fund
Non-Fund,Email thread: Travel Reimbursement (5368)
Fund,US Large Cap ETF
Non-Fund,Lucas Davis – IT
Fund,Crescent Minimum Volatility Fund
Non-Fund,Wayne Ltd. – Careers
Fund,Crescent Total Market Institutional Fund
Non-Fund,Liam Lee – Operations
Fund,Sierra Value Trust
Non-Fund,Wonka Group – Headquarters
Fund,Atlas Small Cap Index Trust
Non-Fund,Vandelay Corporation Ref 553939
Fund,Sierra International Fund
Non-Fund,Stark Inc. Ref 792905
Fund,BluePeak Selective UCITS
Non-Fund,Cyberdyne Ltd. Vendor ID 78454
Fund,Atlas High Yield Trust
Non-Fund,Citibank checking account
Fund,Asia Pacific Small Cap Fund
Non-Fund,Expense Report #4868
Fund,NorthBridge Prime Bond Fund
Non-Fund,Finance Request 65314
Fund,Granite Balanced Institutional Fund
Non-Fund,Globex LLC HR
Fund,Summit Treasury Index Institutional Fund
Non-Fund,Email thread: Onboarding Guide (2041)
Fund,Pioneer Prime Income Trust
Non-Fund,Initech Corporation – Careers
Fund,NorthBridge Dynamic Income Trust
Non-Fund,Nakatomi PLC – Careers
Fund,Atlas International Index Trust
Non-Fund,Nakatomi Holdings Vendor ID 32957
Fund,Evergreen Minimum Volatility Institutional Fund
Non-Fund,Sarah Taylor
Fund,NorthBridge Strategic Treasury Institutional Fund
Non-Fund,Vandelay Holdings
Fund,Arcadia Global Bond Fund
Non-Fund,Globex PLC – Careers
Fund,RiverRock Prime Treasury Fund
Non-Fund,BlackRock Holdings
Fund,Summit Growth ETF
Non-Fund,Contoso Ltd. IT
Fund,Europe Multi-Asset ETF
Non-Fund,Aperture PLC Finance
Fund,Crescent Small Cap Index Fund
Non-Fund,Hooli Inc. – Headquarters
Fund,Europe Multi-Asset Trust
Non-Fund,Hooli PLC Ref 373342
Fund,Summit Dynamic Fund
Non-Fund,Nakatomi PLC IT Toronto
Fund,US Multi-Asset Fund
Non-Fund,Contoso PLC Marketing
Fund,RiverRock High Yield ETF
Non-Fund,Travel Reimbursement #5262
Fund,BluePeak Aggregate Bond ETF
Non-Fund,Ticket 552259 – Operations
Fund,Pioneer Prime Bond Trust
Non-Fund,Wayne Group Vendor ID 33641
Fund,Arcadia Multi-Asset Index ETF
Non-Fund,Cyberdyne Inc. – Careers
Fund,NorthBridge Enhanced Large Cap UCITS
Non-Fund,Aperture Holdings
Fund,Evergreen Growth Institutional Fund
Non-Fund,Sarah Nguyen – Support
Fund,Summit Momentum UCITS
Non-Fund,Apple LLC – Careers
Fund,Atlas Selective Equity Institutional Fund
Non-Fund,Initech Ltd. Support Sydney
Fund,Evergreen Core Equity Institutional Fund
Non-Fund,Mason Lee – IT
Fund,RiverRock Strategic Treasury Trust
Non-Fund,Stark Ltd. Support
Fund,Summit Global Income Institutional Fund
Non-Fund,Globex LLC HR New York
Fund,Granite Balanced Trust
Non-Fund,Vandelay Inc. Sales
Fund,Evergreen Aggregate Bond Trust
Non-Fund,Nakatomi LLC Marketing
Fund,Atlas Total Market UCITS
Non-Fund,Vandelay Holdings – Headquarters
Fund,Atlas Value Institutional Fund
Non-Fund,Daniel Davis
Fund,Asia Pacific Index Fund
Non-Fund,Wonka PLC Operations Singapore
Fund,Sierra Core UCITS
Non-Fund,Sofia Hall
Fund,Liberty Prime Dividend Trust
Non-Fund,Initech Inc.
Fund,BluePeak Multi-Asset Index ETF
Non-Fund,Massive Dynamic Inc. – Careers
Fund,NorthBridge Balanced Treasury ETF
Non-Fund,BlackRock PLC – Careers
Fund,Crescent High Yield Fund
Non-Fund,Sales Request 56590
Fund,NorthBridge Income Index Fund
Non-Fund,Globex Inc.
Fund,Arcadia Momentum Institutional Fund
Non-Fund,Tyrell Inc.
Fund,Atlas Growth Institutional Fund
Non-Fund,Hooli Inc. HR New York
Fund,US Index Trust
Non-Fund,Wonka Corporation Operations Berlin
Fund,Pioneer Dynamic Fund
Non-Fund,Acme Inc.
Fund,Pioneer Core Income Institutional Fund
Non-Fund,Invoice #2682
Fund,Crescent International Short Term Fund
Non-Fund,Ticket 638292 – Operations
Fund,EM Short Term Trust
Non-Fund,Expense Report
Fund,Evergreen Total Market UCITS
Non-Fund,Mia Taylor
Fund,Pioneer Small Cap Index UCITS
Non-Fund,Ticket 994911 – IT
Fund,Liberty High Yield UCITS
Non-Fund,Cyberdyne LLC Vendor ID 71908
Fund,Asia Pacific Small Cap Institutional Fund
Non-Fund,Stark Group Vendor ID 36146
Fund,Granite Selective Trust
Non-Fund,Purchase Order
Fund,Liberty Enhanced Bond Institutional Fund
Non-Fund,Soylent Ltd. Support
Fund,Sierra Prime Mid Cap Trust
Non-Fund,Email thread: Wire Transfer Receipt (1826)
Fund,BluePeak Selective Institutional Fund
Non-Fund,Minh Lopez – Operations
Fund,Arcadia Growth Institutional Fund
Non-Fund,Umbrella PLC – Careers
Fund,Summit Selective Index Fund
Non-Fund,Ticket 535945 – Support
Fund,Asia Pacific Equity ETF
Non-Fund,Acme LLC – Headquarters
Fund,BluePeak Equity Index UCITS
Non-Fund,Aperture Corporation – Headquarters
Fund,NorthBridge Selective Multi-Asset Fund
Non-Fund,Acme Holdings – Headquarters
Fund,Global Index ETF
Non-Fund,Email thread: Meeting Notes (9516)
Fund,Asia Pacific Multi-Asset Trust
Non-Fund,Tyrell PLC
Fund,Evergreen Small Cap Index Institutional Fund
Non-Fund,Ticket 951266 – Support
Fund,RiverRock Dividend Index Institutional Fund
Non-Fund,BlackRock LLC Ref 129246
Fund,Sierra Total Market Institutional Fund
Non-Fund,Tyrell Group IT
Fund,Asia Pacific Dividend ETF
Non-Fund,Nakatomi Holdings – Careers
Fund,Liberty Strategic Treasury ETF
Non-Fund,HR Request 62789
Fund,Pioneer Value Institutional Fund
Non-Fund,Massive Dynamic PLC Ref 822487
Fund,EM Mid Cap ETF
Non-Fund,Ticket 487272 – Marketing
Fund,Sierra Total Market Fund
Non-Fund,Umbrella Group Operations
Fund,World Short Term Institutional Fund
Non-Fund,Umbrella Ltd. IT Tokyo
Fund,Sierra Prime ETF
Non-Fund,Apple Inc. Ref 919304
Fund,Summit Value UCITS
Non-Fund,Vandelay PLC
Fund,Evergreen Income Index Fund
Non-Fund,Alex Hall – Support
Fund,Europe Short Term Institutional Fund
Non-Fund,Contoso Ltd. Marketing
Fund,Atlas Minimum Volatility ETF
Non-Fund,Email thread: Wire Transfer Receipt (2395)
Fund,NorthBridge Quality ETF
Non-Fund,Nakatomi PLC Ref 226126
Fund,Pioneer Equity Index ETF
Non-Fund,Tyrell LLC – Careers
Fund,Asia Pacific Mid Cap ETF
Non-Fund,Tesla Corporation Ref 535092
Fund,Summit Selective Small Cap Fund
Non-Fund,Email thread: Quarterly Earnings Call (3755)
Fund,Liberty Dynamic Mid Cap UCITS
Non-Fund,Soylent PLC Finance London
Fund,Crescent Value Fund
Non-Fund,Acme Holdings Finance Tokyo
Fund,Global Index Fund
Non-Fund,Umbrella Inc.
Fund,RiverRock Value Fund
Non-Fund,Email thread: Travel Reimbursement (4829)
Fund,Summit Treasury Index UCITS
Non-Fund,Nakatomi Holdings Ref 526504
Fund,Sierra Large Cap Index ETF
Non-Fund,Liam Hall – Support
Fund,Granite Total Market Fund
Non-Fund,Product Roadmap #5739
Fund,Asia Pacific Short Term Fund
Non-Fund,Email thread: Travel Reimbursement (6757)
Fund,RiverRock Selective Mid Cap UCITS
Non-Fund,Onboarding Guide
Fund,Granite Equity Index Fund
Non-Fund,Marketing Request 99404
Fund,Summit Core Institutional Fund
Non-Fund,Soylent PLC – Careers
Fund,Pioneer Balanced Bond Institutional Fund
Non-Fund,Tyrell Holdings
Fund,Atlas Short Term Index Trust
Non-Fund,Cyberdyne Holdings Finance
Fund,BluePeak Index Index ETF
Non-Fund,Acme Inc. – Headquarters
Fund,NorthBridge Small Cap Index Institutional Fund
Non-Fund,Apple LLC Finance
Fund,Crescent Bond Index Institutional Fund
Non-Fund,Email thread: Meeting Notes (7489)
Fund,Atlas Short Term Index Fund
Non-Fund,Initech LLC IT Sydney
Fund,Asia Pacific Income Trust
Non-Fund,Ticket 553559 – IT
Fund,Crescent Dividend Index ETF
Non-Fund,Aperture Ltd. Vendor ID 15697
Fund,World Short Term UCITS
Non-Fund,Travel Reimbursement #4188
Fund,Summit Aggregate Bond Institutional Fund
Non-Fund,Nakatomi PLC Finance
Fund,Asia Pacific Income ETF
Non-Fund,Tesla PLC – Careers
Fund,Evergreen Core ETF
Non-Fund,Wonka Inc. – Headquarters
Fund,Liberty Core UCITS
Non-Fund,Sales Request 17181
Fund,Pioneer Growth UCITS
Non-Fund,Support Request 24156
Fund,RiverRock International Institutional Fund
Non-Fund,Email thread: Meeting Notes (9337)
Fund,Global Multi-Asset Trust
Non-Fund,Isabella Garcia
Fund,Crescent Balanced Fund
Non-Fund,Tyrell PLC Ref 458143
Fund,Granite Prime Large Cap Trust
Non-Fund,Expense Report #6499
Fund,Liberty Value Income UCITS
Non-Fund,Tesla LLC
Fund,BluePeak International UCITS
Non-Fund,Acme Ltd. Vendor ID 48086
Fund,US Multi-Asset ETF
Non-Fund,Onboarding Guide #3853
Fund,Crescent International Fund
Non-Fund,Ticket 206105 – Operations
Fund,Pioneer High Yield Trust
Non-Fund,Email thread: Onboarding Guide (8474)
Fund,NorthBridge Enhanced Mid Cap ETF
Non-Fund,Travel Reimbursement #5006
Fund,EM Treasury ETF
Non-Fund,IT Support Ticket
Fund,US Short Term ETF
Non-Fund,Soylent PLC – Headquarters
Fund,Evergreen Mid Cap Index Trust
Non-Fund,Initech LLC – Careers
Fund,Atlas Small Cap Index Institutional Fund
Non-Fund,Ticket 929029 – Support
Fund,RiverRock Prime Bond UCITS
Non-Fund,Contoso Group HR
Fund,Evergreen Momentum Trust
Non-Fund,Sarah Taylor – HR
Fund,NorthBridge Income Index Institutional Fund
Non-Fund,Chloe Davis – IT
Fund,RiverRock Balanced Income ETF
Non-Fund,Quarterly Earnings Call #9401
Fund,Atlas Strategic UCITS
Non-Fund,Finance Request 53746
Fund,Summit Dividend Index ETF
Non-Fund,Tesla Ltd. – Careers
Fund,RiverRock Growth Trust
Non-Fund,Email thread: Expense Report (1194)
Fund,World Index Trust
Non-Fund,Hooli PLC Ref 640882
Fund,Crescent Value Equity ETF
Non-Fund,Aperture LLC – Headquarters
Fund,Liberty Dividend Index UCITS
Non-Fund,Email thread: Travel Reimbursement (7974)
Fund,Summit Dividend Index Trust
Non-Fund,Tyrell Ltd.
Fund,Pioneer Balanced Income Institutional Fund
Non-Fund,Sales Request 14202
Fund,Evergreen Mid Cap Index UCITS
Non-Fund,Ticket 791609 – HR
Fund,Atlas Momentum Institutional Fund
Non-Fund,Initech Corporation Ref 264663
Fund,Arcadia Dynamic Trust
Non-Fund,Sales Request 36958
Fund,Sierra Aggregate Bond ETF
Non-Fund,Vandelay LLC
Fund,Summit International Fund
Non-Fund,Email thread: Purchase Order (9615)
Fund,Summit Momentum Institutional Fund
Non-Fund,Vandelay Corporation Sales
Fund,Pioneer Selective Fund
Non-Fund,BlackRock Corporation Vendor ID 70008
Fund,Sierra Growth UCITS
Non-Fund,Stark Holdings Marketing
Fund,Arcadia International ETF
Non-Fund,BlackRock Holdings Ref 180251
Fund,Sierra Strategic UCITS
Non-Fund,Umbrella Group – Headquarters
Fund,Atlas Value Trust
Non-Fund,Email thread: Job Application (7542)
Fund,US Bond Fund
Non-Fund,Email thread: Job Application (8606)
Fund,BluePeak Multi-Asset Index UCITS
Non-Fund,Support Request 32359
Fund,World Income Fund
Non-Fund,Email thread: Account Statement (2271)
Fund,EM Dividend Trust
Non-Fund,Email thread: Invoice (9721)
Fund,BluePeak Bond Index Institutional Fund
Non-Fund,Ticket 823880 – Support
Fund,Crescent Strategic UCITS
Non-Fund,Sarah Hall
Fund,Evergreen Prime Index Fund
Non-Fund,Purchase Order #2035
Fund,Granite Core Short Term UCITS
Non-Fund,Stark Holdings – Headquarters
Fund,EM Bond Trust
Non-Fund,Wire Transfer Receipt #6842
Fund,Crescent Income Index ETF
Non-Fund,Email thread: Purchase Order (2081)
Fund,US Equity Institutional Fund
Non-Fund,Sofia Lee
Fund,Arcadia Mid Cap Index UCITS
Non-Fund,Nakatomi LLC Ref 283847
Fund,BluePeak Total Market Trust
Non-Fund,Wonka Group – Careers
Fund,Atlas Dividend Index Fund
Non-Fund,Ticket 311824 – HR
Fund,Summit Large Cap Index Fund
Non-Fund,Contoso LLC Support New York
Fund,Asia Pacific Bond Fund
Non-Fund,Travel Reimbursement #9543
Fund,Atlas Treasury Index Fund
Non-Fund,Alex Brown – Operations
Fund,Summit Income Index UCITS
Non-Fund,Marketing Request 71220
Fund,Pioneer International Dividend Institutional Fund
Non-Fund,Wayne LLC Sales London
Fund,Sierra Small Cap Index UCITS
Non-Fund,Lucas Johnson
Fund,Granite Short Term Index Trust
Non-Fund,Ticket 895720 – HR
Fund,Atlas Quality UCITS
Non-Fund,BlackRock Group Marketing
Fund,Arcadia Balanced Bond ETF
Non-Fund,Chloe Smith – Marketing
Fund,Summit Global Multi-Asset Trust
Non-Fund,Wayne Inc. Finance
Fund,Arcadia Core UCITS
Non-Fund,Apple Corporation
Fund,NorthBridge Bond Index Fund
Non-Fund,Product Roadmap #7032
Fund,Summit Minimum Volatility Fund
Non-Fund,Soylent Group Sales Berlin
Fund,BluePeak Prime Fund
Non-Fund,Initech Holdings – Headquarters
Fund,Crescent Aggregate Bond UCITS
Non-Fund,Aperture Ltd. Support Tokyo
Fund,US Bond Trust
Non-Fund,John Smith
Fund,RiverRock Growth UCITS
Non-Fund,BlackRock Holdings – Careers
Fund,BluePeak Quality UCITS
Non-Fund,Massive Dynamic Inc. Sales Sydney
Fund,NorthBridge Quality UCITS
Non-Fund,Aperture Corporation Support
Fund,NorthBridge High Yield ETF
Non-Fund,Umbrella Ltd.
Fund,NorthBridge Equity Index Fund
Non-Fund,IT Request 37665
Fund,Crescent Selective Fund
Non-Fund,Acme Corporation – Headquarters
Fund,Arcadia Dividend Index ETF
Non-Fund,Umbrella Inc. – Headquarters
Fund,BluePeak Value Fund
Non-Fund,Massive Dynamic Ltd. Vendor ID 77490
Fund,Summit Global ETF
Non-Fund,Alex Davis – Sales
Fund,US Small Cap Trust
Non-Fund,James Lopez – Operations
Fund,Sierra Selective Trust
Non-Fund,Ticket 229077 – IT
Fund,Summit Total Market UCITS
Non-Fund,Hooli Group – Careers
Fund,US Large Cap Trust
Non-Fund,Alex Davis
Fund,Granite Enhanced Trust
Non-Fund,Email thread: Purchase Order (9189)
Fund,World Equity Trust
Non-Fund,BlackRock LLC Support Berlin
Fund,Global Large Cap UCITS
Non-Fund,Nakatomi Corporation Vendor ID 17708
Fund,Liberty Large Cap Index Institutional Fund
Non-Fund,BlackRock PLC
Fund,Granite Dynamic ETF
Non-Fund,Alex Clark – Sales
Fund,Sierra Global Mid Cap ETF
Non-Fund,Tyrell Corporation Vendor ID 49855
Fund,Asia Pacific Multi-Asset Fund
Non-Fund,Acme Ltd. – Careers
Fund,NorthBridge Balanced Index UCITS
Non-Fund,Stark Inc. Vendor ID 95209
Fund,RiverRock Prime Equity Trust
Non-Fund,Alex Hall
Fund,Sierra Selective Large Cap Fund
Non-Fund,Cyberdyne Ltd. – Careers
Fund,Sierra Multi-Asset Index Trust
Non-Fund,Ticket 525019 – Marketing
Fund,Summit Momentum Trust
Non-Fund,Acme Corporation Vendor ID 18379
Fund,Liberty Equity Index ETF
Non-Fund,Nakatomi Group Vendor ID 33680
Fund,Summit Balanced Institutional Fund
Non-Fund,Ticket 269041 – Marketing
Fund,Pioneer Selective Dividend Trust
Non-Fund,Operations Request 57652
Fund,Atlas Multi-Asset Index UCITS
Non-Fund,Aperture Holdings Finance London
Fund,NorthBridge International Fund
Non-Fund,Globex LLC Vendor ID 88924
Fund,Pioneer Strategic ETF
Non-Fund,Onboarding Guide #5270
Fund,Asia Pacific Mid Cap Institutional Fund
Non-Fund,Stark Corporation Sales
Fund,Arcadia Large Cap Index Institutional Fund
Non-Fund,Support Request 89291
Fund,RiverRock Index Index Institutional Fund
Non-Fund,Umbrella Holdings Ref 915866
Fund,EM Index Fund
Non-Fund,Noah Nguyen
Fund,Summit Growth UCITS
Non-Fund,Umbrella LLC – Headquarters
Fund,Crescent Strategic Fund
Non-Fund,Ticket 888395 – IT
Fund,Global Equity Trust
Non-Fund,Stark Ltd.
Fund,Granite Quality Trust
Non-Fund,Olivia Anderson
Fund,RiverRock Value Treasury ETF
Non-Fund,Ava Anderson
Fund,RiverRock Mid Cap Index Institutional Fund
Non-Fund,Operations Request 22272
Fund,NorthBridge Strategic Trust
Non-Fund,Hooli Corporation Sales
Fund,Sierra Selective Institutional Fund
Non-Fund,Acme Holdings Sales
Fund,BluePeak Mid Cap Index ETF
Non-Fund,Email thread: Wire Transfer Receipt (7013)
Fund,Summit Global Large Cap Institutional Fund
Non-Fund,Massive Dynamic PLC Finance
Fund,US Large Cap Institutional Fund
Non-Fund,Invoice #3549
Fund,Atlas Multi-Asset Index ETF
Non-Fund,Quarterly Earnings Call #5415
Fund,Evergreen Growth Equity Trust
Non-Fund,Cyberdyne LLC – Careers
Fund,Pioneer Balanced Equity ETF
Non-Fund,Ethan Nguyen
Fund,Atlas Enhanced UCITS
Non-Fund,Chloe Hall
Fund,Liberty Selective Trust
Non-Fund,Contoso Group – Headquarters
Fund,Crescent Dynamic Institutional Fund
Non-Fund,Email thread: Travel Reimbursement (5059)
Fund,US Mid Cap UCITS
Non-Fund,Ticket 960471 – HR
Fund,RiverRock Strategic Mid Cap Institutional Fund
Non-Fund,Wayne Corporation
Fund,Crescent Momentum ETF
Non-Fund,Vandelay Inc.
Fund,Crescent Quality Fund
Non-Fund,Ticket 399176 – IT
Fund,Global Dividend Trust
Non-Fund,Emma Lee – Finance
Fund,Arcadia Core Index Institutional Fund
Non-Fund,Marketing Request 87189
Fund,Crescent Growth Trust
Non-Fund,Ticket 673129 – Marketing
Fund,RiverRock Prime Bond Fund
Non-Fund,John Johnson – Marketing
Fund,Evergreen Dynamic Index Fund
Non-Fund,Lucas Wilson – Marketing
Fund,Pioneer Aggregate Bond UCITS
Non-Fund,Nakatomi LLC Marketing Berlin
Fund,Sierra Global Large Cap ETF
Non-Fund,James Smith
Fund,Pioneer Index Index UCITS
Non-Fund,Olivia Lee
Fund,Evergreen Dividend Index UCITS
Non-Fund,IT Request 44608
Fund,Pioneer Enhanced UCITS
Non-Fund,Aperture Group IT Tokyo
Fund,NorthBridge Dynamic Trust
Non-Fund,Minh Martinez
Fund,Asia Pacific Index ETF
Non-Fund,Tyrell LLC Vendor ID 30400
Fund,World Treasury ETF
Non-Fund,Product Roadmap #4031
Fund,World Multi-Asset ETF
Non-Fund,Hooli Holdings Ref 215380
Fund,Sierra Momentum Trust
Non-Fund,Acme PLC Vendor ID 28695
Fund,Pioneer Balanced ETF
Non-Fund,Mason Davis – Operations
Fund,Sierra Enhanced Equity UCITS
Non-Fund,Ticket 207548 – Marketing
Fund,Pioneer Dividend Index UCITS
Non-Fund,Aperture LLC Ref 787199
Fund,Evergreen Dynamic Income Fund
Non-Fund,Minh Taylor
Fund,Liberty Value Institutional Fund
Non-Fund,Tesla Group Ref 957276
Fund,World Dividend Fund
Non-Fund,Mia Lee
Fund,Pioneer Treasury Index Fund
Non-Fund,Hooli Ltd. – Headquarters
Fund,BluePeak Value ETF
Non-Fund,Vandelay Group Ref 709184
Fund,US Mid Cap Institutional Fund
Non-Fund,Ticket 313154 – Marketing
Fund,Summit Large Cap Index Trust
Non-Fund,Acme Ltd. Vendor ID 28264
Fund,Atlas Strategic Institutional Fund
Non-Fund,Sofia Brown – Operations
Fund,Crescent Core Fund
Non-Fund,Ticket 709859 – Support
Fund,Pioneer Growth Income Fund
Non-Fund,Marketing Request 20353
Fund,Atlas Dividend Index ETF
Non-Fund,Operations Request 28364
Fund,NorthBridge Index Index UCITS
Non-Fund,BlackRock Corporation Ref 216671
Fund,Evergreen Dynamic UCITS
Non-Fund,Globex Holdings Finance Sydney
Fund,Summit Dynamic ETF
Non-Fund,Cyberdyne Group Support
Fund,NorthBridge Short Term Index Institutional Fund
Non-Fund,Liam Wilson
Fund,Crescent Prime Trust
Non-Fund,Tyrell Group Vendor ID 59868
Fund,Summit Global UCITS
Non-Fund,Email thread: Wire Transfer Receipt (6942)
Fund,Liberty Prime Large Cap Trust
Non-Fund,Tesla Inc. Vendor ID 88264
Fund,BluePeak Balanced Treasury Trust
Non-Fund,BlackRock LLC – Headquarters
Fund,NorthBridge Value Fund
Non-Fund,Mason Nguyen – IT
Fund,Summit Strategic ETF
Non-Fund,Massive Dynamic PLC Ref 847385
Fund,Arcadia Value Institutional Fund
Non-Fund,Contoso LLC – Headquarters
Fund,EM Small Cap Institutional Fund
Non-Fund,Email thread: Wire Transfer Receipt (9174)
Fund,Granite Global Bond Institutional Fund
Non-Fund,Ticket 481128 – Sales
Fund,Sierra Selective Treasury ETF
Non-Fund,BlackRock Corporation Vendor ID 58979
Fund,World Mid Cap Institutional Fund
Non-Fund,Aperture Group – Careers
Fund,Liberty High Yield Fund
Non-Fund,Umbrella Ltd. Sales London
Fund,Pioneer Momentum Institutional Fund
Non-Fund,Sales Request 33628
Fund,BluePeak Growth Small Cap Institutional Fund
Non-Fund,Sales Request 89215
Fund,Granite Mid Cap Index ETF
Non-Fund,Product Roadmap #3384
Fund,US Income Trust
Non-Fund,Email thread: Meeting Notes (3885)
Fund,Crescent Value Short Term ETF
Non-Fund,Finance Request 97771
Fund,Atlas Aggregate Bond Trust
Non-Fund,Globex Inc. Sales Tokyo
Fund,Crescent Value Treasury Trust
Non-Fund,Stark Holdings Ref 857830
Fund,Pioneer Minimum Volatility Trust
Non-Fund,Nakatomi Group – Careers
Fund,Atlas Balanced Equity Institutional Fund
Non-Fund,Marketing Request 93744
Fund,US Dividend Institutional Fund
Non-Fund,Support Request 38329
Fund,Liberty Value ETF
Non-Fund,Invoice #5947
Fund,Evergreen High Yield Trust
Non-Fund,Umbrella Holdings Vendor ID 81102
Fund,Global Income Trust
Non-Fund,Tesla Inc. Ref 557049
Fund,Liberty Strategic Trust
Non-Fund,Umbrella Inc. Vendor ID 23068
Fund,Pioneer Dynamic Small Cap Institutional Fund
Non-Fund,Mason Lopez – Operations
Fund,Granite Minimum Volatility Institutional Fund
Non-Fund,Umbrella LLC
Fund,RiverRock International Multi-Asset Trust
Non-Fund,Contoso Inc. – Headquarters
Fund,Sierra Quality ETF
Non-Fund,Aperture Holdings HR
Fund,Summit High Yield Institutional Fund
Non-Fund,Massive Dynamic PLC Vendor ID 41697
Fund,RiverRock Aggregate Bond UCITS
Non-Fund,Ticket 224122 – IT
Fund,Crescent Value Mid Cap ETF
Non-Fund,Finance Request 20324
Fund,Europe Bond Fund
Non-Fund,Acme Holdings
Fund,US Dividend ETF
Non-Fund,Wonka Ltd. HR
Fund,Global Short Term ETF
Non-Fund,Minh Smith
Fund,RiverRock Bond Index Institutional Fund
Non-Fund,Chloe Lopez
Fund,Arcadia International Multi-Asset Institutional Fund
Non-Fund,Cyberdyne PLC HR
Fund,Evergreen Value ETF
Non-Fund,Email thread: Product Roadmap (4264)
Fund,Summit Mid Cap Index Trust
Non-Fund,Ticket 281361 – IT
Fund,Atlas Selective Income UCITS
Non-Fund,Purchase Order #8992
Fund,Granite Value UCITS
Non-Fund,Soylent PLC
Fund,NorthBridge Strategic Income Trust
Non-Fund,Massive Dynamic Ltd. Sales
Fund,EM Equity Institutional Fund
Non-Fund,IT Support Ticket #3003
Fund,Atlas Dividend Index Institutional Fund
Non-Fund,Ticket 169452 – IT
Fund,Europe Large Cap Fund
Non-Fund,BlackRock Group
Fund,Evergreen Total Market Institutional Fund
Non-Fund,Nakatomi Inc. – Careers
Fund,NorthBridge Global Trust
Non-Fund,IT Request 74662
Fund,Pioneer Global Large Cap Institutional Fund
Non-Fund,Globex Ltd. Vendor ID 53165
Fund,Atlas Value Mid Cap ETF
Non-Fund,Nakatomi PLC – Headquarters
Fund,World Income ETF
Non-Fund,Chloe Brown – IT
Fund,Arcadia Selective Dividend Institutional Fund
Non-Fund,Wonka Holdings Ref 322796
Fund,World Income Institutional Fund
Non-Fund,Email thread: IT Support Ticket (4418)
Fund,Crescent Global ETF
Non-Fund,Massive Dynamic PLC Ref 210793
Fund,Asia Pacific Dividend Institutional Fund
Non-Fund,Hooli LLC IT
Fund,Arcadia Global UCITS
Non-Fund,HR Request 29305
Fund,Evergreen Value Trust
Non-Fund,Umbrella Holdings Finance
Fund,Europe Treasury UCITS
Non-Fund,Cyberdyne Ltd. Ref 516209
Fund,Evergreen Total Market Trust
Non-Fund,Aperture Group Ref 501103
Fund,Arcadia Core Trust
Non-Fund,Ticket 617594 – IT
Fund,Arcadia Prime Income Fund
Non-Fund,Aperture Inc. Ref 703172
Fund,RiverRock Prime Large Cap Fund
Non-Fund,Noah Brown
Fund,NorthBridge Prime Income Institutional Fund
Non-Fund,Operations Request 55564
Fund,Summit Value Fund
Non-Fund,Emma Clark
Fund,Arcadia Mid Cap Index Institutional Fund
Non-Fund,Wonka LLC IT
Fund,BluePeak Strategic Small Cap Institutional Fund
Non-Fund,Ava Taylor – Sales
Fund,Granite International Bond ETF
Non-Fund,Olivia Hall
Fund,Arcadia Selective Treasury ETF
Non-Fund,Chloe Lee – IT
Fund,Liberty Short Term Index Trust
Non-Fund,Ticket 121734 – Operations
Fund,BluePeak Balanced Income UCITS
Non-Fund,Aperture PLC HR Berlin
Fund,Atlas Mid Cap Index ETF
Non-Fund,Ticket 757343 – HR
Fund,Evergreen Bond Index Institutional Fund
Non-Fund,Tyrell Corporation – Careers
Fund,RiverRock Aggregate Bond Trust
Non-Fund,Isabella Martinez
Fund,RiverRock Prime Multi-Asset Institutional Fund
Non-Fund,Mason Smith – Operations
Fund,Evergreen Selective Equity Trust
Non-Fund,Massive Dynamic Ltd. Marketing Sydney
Fund,US Short Term Fund
Non-Fund,Minh Nguyen – IT
Fund,Evergreen Short Term Index ETF
Non-Fund,Alex Lee
Fund,Arcadia Strategic Treasury ETF
Non-Fund,Contoso Corporation – Headquarters
Fund,Atlas Core Equity Institutional Fund
Non-Fund,Support Request 28167
Fund,Crescent Selective ETF
Non-Fund,Mia Taylor – Support
Fund,BluePeak Index Index Institutional Fund
Non-Fund,Sofia Smith – Finance
Fund,Granite International Fund
Non-Fund,Apple LLC Ref 802629
Fund,Granite Mid Cap Index Institutional Fund
Non-Fund,Email thread: Invoice (2387)
Fund,Summit Core Multi-Asset ETF
Non-Fund,Umbrella Ltd. Vendor ID 17977
Fund,Summit Index Index Fund
Non-Fund,Ticket 876390 – Marketing
Fund,World Multi-Asset Institutional Fund
Non-Fund,Olivia Lee – Support
Fund,Sierra Total Market ETF
Non-Fund,Ticket 314217 – Finance
Fund,World Multi-Asset Trust
Non-Fund,Operations Request 63026
Fund,Asia Pacific Dividend Trust
Non-Fund,Wonka PLC Operations Sydney
Fund,US Income Fund
Non-Fund,Support Request 32383
Fund,Evergreen Global Fund
Non-Fund,Ticket 800133 – Sales
Fund,Evergreen Dynamic Trust
Non-Fund,Mason Nguyen – Sales
Fund,NorthBridge Global Mid Cap ETF
Non-Fund,Cyberdyne Holdings Sales Tokyo
Fund,Atlas Strategic Mid Cap UCITS
Non-Fund,Massive Dynamic Corporation Marketing
Fund,Crescent Enhanced Income ETF
Non-Fund,Hooli Ltd. Vendor ID 59351
Fund,Crescent Minimum Volatility ETF
Non-Fund,Umbrella Corporation – Careers
Fund,EM Dividend Institutional Fund
Non-Fund,Ticket 562976 – Sales
Fund,EM Income ETF
Non-Fund,Apple Group – Headquarters
Fund,Granite Enhanced Small Cap UCITS
Non-Fund,Ticket 134853 – Operations
Fund,Atlas Aggregate Bond Institutional Fund
Non-Fund,Ticket 473801 – HR
Fund,BluePeak Enhanced Institutional Fund
Non-Fund,Marketing Request 88838
Fund,Crescent Growth Institutional Fund
Non-Fund,HR Request 91087
Fund,Evergreen Balanced Bond Fund
Non-Fund,Umbrella Group Ref 450791
Fund,Crescent Prime ETF
Non-Fund,Nakatomi Group – Headquarters
Fund,NorthBridge Treasury Index UCITS
Non-Fund,Soylent Holdings Finance New York
Fund,Atlas Core UCITS
Non-Fund,Liam Clark
